{
    "mongodb_collections": {
        "admins": "veniqa_admins",
        "curated_products": "veniqa_curated_products",
        "orders": "veniqa_orders",
        "exchange_rates": "veniqa_currency_exchange_rates",
        "tariff_rates": "veniqa_tariff_rates",
        "product_categories": "veniqa_product_categories",
        "ui_featured_sections": "veniqa_ui_featured_sections"
    },
    "mongodb_settings": {
        "use_new_url_parser": true,
        "use_create_index": true
    },
    "session": {
        "name": "sessionID",
        "max_age": 1800000
    },
    "allowed_origins": [
        "https://admin.veniqa.com"
    ],
    "token_validity": {
        "password_reset_token_valid_for": 3600000
    },
    "logging": {
        "mongodb_collection": "veniqa_admin_server_error_log",
        "combined_log_file_name": "combined.log",
        "error_log_file_name": "error.log",
        "exception_log_file_name": "exceptions.log"
    },
    "frontend_urls": {
        "password_reset_base_url": "https://admin.veniqa.com/#/password-reset"
    },
    "aws_settings": {
        "s3": {
            "buckets": {
                "catalog_image_bucket": "veniqa-catalog-images"
            },
            "s3_resource_live_base_url": "https://s3.amazonaws.com",
            "presigned_url_expires_in": 600
        },
        "default_region": "us-east-1"
    },
    "sendgrid": {
        "templates": {
            "confirm_account_admin": "d-e2bc1bd1459747f3a7816b79986e4b36",
            "reset_password_admin": "d-538b74add0574fcb9e6cd684fa83149b",
            "confirmation_password_reset_admin": "d-b9efed7214f04c458ac4d9dde5628235"
        }
    },
    "khalti": {
        "verification_url": "https://khalti.com/api/v2/payment/verify/"
    }
}