{
	"variables": [],
	"info": {
		"name": "Node Task Manager",
		"_postman_id": "cdc9fe66-3f55-9b38-0970-8091312261da",
		"description": "",
		"schema": "https://schema.getpostman.com/json/collection/v2.0.0/collection.json"
	},
	"item": [
		{
			"name": "Register User",
			"request": {
				"url": "http://localhost:3030/users",
				"method": "POST",
				"header": [
					{
						"key": "Content-Type",
						"value": "application/json",
						"description": ""
					}
				],
				"body": {
					"mode": "raw",
					"raw": "{\n\t\"name\":\"Tushar Patil\",\n\t\"email\":\"tushar5334@gmail.com\",\n\t\"password\":\"Admin@123\",\n\t\"age\":33\n}"
				},
				"description": ""
			},
			"response": []
		},
		{
			"name": "Login User",
			"request": {
				"url": "http://localhost:3030/users/login",
				"method": "POST",
				"header": [
					{
						"key": "Content-Type",
						"value": "application/json",
						"description": ""
					}
				],
				"body": {
					"mode": "raw",
					"raw": "{\n\t\"email\":\"tushar5334@gmail.com\",\n\t\"password\":\"Admin@123\"\n}"
				},
				"description": ""
			},
			"response": []
		},
		{
			"name": "Logout Current User",
			"request": {
				"url": "http://localhost:3030/users/logout",
				"method": "POST",
				"header": [
					{
						"key": "Content-Type",
						"value": "application/json",
						"description": ""
					},
					{
						"key": "Authorization",
						"value": "Bearer eyJ0eXAiOiJKV1QiLCJhbGciOiJIUzI1NiJ9.eyJfaWQiOiI2MGJmMDViYmI5MTQ3ZTZjOTdjODIxYTUiLCJpYXQiOjE2MjMxMzE1Nzl9.VYltxk-blOl5zHDUdaGdq8s7x8Raih3fY2DtVEEdYtc",
						"description": ""
					}
				],
				"body": {
					"mode": "raw",
					"raw": ""
				},
				"description": ""
			},
			"response": []
		},
		{
			"name": "Logout All Users",
			"request": {
				"url": "http://localhost:3030/users/logoutAll",
				"method": "POST",
				"header": [
					{
						"key": "Content-Type",
						"value": "application/json",
						"description": ""
					},
					{
						"key": "Authorization",
						"value": "Bearer eyJ0eXAiOiJKV1QiLCJhbGciOiJIUzI1NiJ9.eyJfaWQiOiI2MGJmMDViYmI5MTQ3ZTZjOTdjODIxYTUiLCJpYXQiOjE2MjMxNTAxNzR9.NClNM-Om95i5Ivp7s41O-QEAT2hEMzQ5dHNAzbEOgFk",
						"description": ""
					}
				],
				"body": {
					"mode": "raw",
					"raw": ""
				},
				"description": ""
			},
			"response": []
		},
		{
			"name": "Update Current Logged In User Info",
			"request": {
				"url": "http://localhost:3030/users/me",
				"method": "PATCH",
				"header": [
					{
						"key": "Content-Type",
						"value": "application/json",
						"description": ""
					},
					{
						"key": "Authorization",
						"value": "Bearer eyJ0eXAiOiJKV1QiLCJhbGciOiJIUzI1NiJ9.eyJfaWQiOiI2MGJmMDViYmI5MTQ3ZTZjOTdjODIxYTUiLCJpYXQiOjE2MjMxNDQ1NTd9.cqyJaKTdjrP0nOHd8ztn5tqPBD-U0RVdDgXitLVUNKg",
						"description": ""
					}
				],
				"body": {
					"mode": "raw",
					"raw": "{\n\t\"name\":\"Tushar Patil1\",\n\t\"email\":\"tushar5334@gmail.com\",\n\t\"password\":\"Admin@123\",\n\t\"age\":34\n}"
				},
				"description": ""
			},
			"response": []
		},
		{
			"name": "Update User By Id",
			"request": {
				"url": "http://localhost:3030/users/60bf05bbb9147e6c97c821a5",
				"method": "PATCH",
				"header": [
					{
						"key": "Content-Type",
						"value": "application/json",
						"description": ""
					},
					{
						"key": "Authorization",
						"value": "Bearer eyJ0eXAiOiJKV1QiLCJhbGciOiJIUzI1NiJ9.eyJfaWQiOiI2MGJmMDViYmI5MTQ3ZTZjOTdjODIxYTUiLCJpYXQiOjE2MjMxNDQ1NTd9.cqyJaKTdjrP0nOHd8ztn5tqPBD-U0RVdDgXitLVUNKg",
						"description": ""
					}
				],
				"body": {
					"mode": "raw",
					"raw": "{\n\t\"name\":\"Tushar Patil\",\n\t\"email\":\"tushar5334@gmail.com\",\n\t\"password\":\"Admin@123\",\n\t\"age\":33\n}"
				},
				"description": ""
			},
			"response": []
		},
		{
			"name": "Update Task By Id",
			"request": {
				"url": "http://localhost:3030/tasks/60bf4b8551977942a5512749",
				"method": "PATCH",
				"header": [
					{
						"key": "Content-Type",
						"value": "application/json",
						"description": ""
					},
					{
						"key": "Authorization",
						"value": "Bearer eyJ0eXAiOiJKV1QiLCJhbGciOiJIUzI1NiJ9.eyJfaWQiOiI2MGJmMDViYmI5MTQ3ZTZjOTdjODIxYTUiLCJpYXQiOjE2MjMxNDQ1NTd9.cqyJaKTdjrP0nOHd8ztn5tqPBD-U0RVdDgXitLVUNKg",
						"description": ""
					}
				],
				"body": {
					"mode": "raw",
					"raw": "{\n\t\"description\":\"Task 3\",\n\t\"completed\":false\n}"
				},
				"description": ""
			},
			"response": []
		},
		{
			"name": "Get Users List",
			"request": {
				"url": "http://localhost:3030/users",
				"method": "GET",
				"header": [
					{
						"key": "Authorization",
						"value": "Bearer eyJ0eXAiOiJKV1QiLCJhbGciOiJIUzI1NiJ9.eyJfaWQiOiI2MGJmMDViYmI5MTQ3ZTZjOTdjODIxYTUiLCJpYXQiOjE2MjMxMzIxMjF9.9UM8Tl0Waj6N9RVd-lfPmxlyFx1bNp4GbUZgejvUu4A",
						"description": ""
					}
				],
				"body": {},
				"description": ""
			},
			"response": []
		},
		{
			"name": "Get Tasks List",
			"request": {
				"url": "http://localhost:3030/tasks",
				"method": "GET",
				"header": [
					{
						"key": "Authorization",
						"value": "Bearer eyJ0eXAiOiJKV1QiLCJhbGciOiJIUzI1NiJ9.eyJfaWQiOiI2MGJmMDViYmI5MTQ3ZTZjOTdjODIxYTUiLCJpYXQiOjE2MjMxMzIxMjF9.9UM8Tl0Waj6N9RVd-lfPmxlyFx1bNp4GbUZgejvUu4A",
						"description": ""
					}
				],
				"body": {},
				"description": ""
			},
			"response": []
		},
		{
			"name": "Get Current Logged In Users Info",
			"request": {
				"url": "http://localhost:3030/users/me",
				"method": "GET",
				"header": [
					{
						"key": "Authorization",
						"value": "Bearer eyJ0eXAiOiJKV1QiLCJhbGciOiJIUzI1NiJ9.eyJfaWQiOiI2MGJmMDViYmI5MTQ3ZTZjOTdjODIxYTUiLCJpYXQiOjE2MjMxMzIxMjF9.9UM8Tl0Waj6N9RVd-lfPmxlyFx1bNp4GbUZgejvUu4A",
						"description": ""
					}
				],
				"body": {},
				"description": ""
			},
			"response": []
		},
		{
			"name": "Get User Profile By ID",
			"request": {
				"url": "http://localhost:3030/users/60bf05bbb9147e6c97c821a5/avtar",
				"method": "GET",
				"header": [
					{
						"key": "Authorization",
						"value": "Bearer eyJ0eXAiOiJKV1QiLCJhbGciOiJIUzI1NiJ9.eyJfaWQiOiI2MGJmMDViYmI5MTQ3ZTZjOTdjODIxYTUiLCJpYXQiOjE2MjMxMzIxMjF9.9UM8Tl0Waj6N9RVd-lfPmxlyFx1bNp4GbUZgejvUu4A",
						"description": ""
					}
				],
				"body": {},
				"description": ""
			},
			"response": []
		},
		{
			"name": "Get Task By ID",
			"request": {
				"url": "http://localhost:3030/tasks/60bf4b8551977942a5512749",
				"method": "GET",
				"header": [
					{
						"key": "Authorization",
						"value": "Bearer eyJ0eXAiOiJKV1QiLCJhbGciOiJIUzI1NiJ9.eyJfaWQiOiI2MGJmMDViYmI5MTQ3ZTZjOTdjODIxYTUiLCJpYXQiOjE2MjMxMzIxMjF9.9UM8Tl0Waj6N9RVd-lfPmxlyFx1bNp4GbUZgejvUu4A",
						"description": ""
					}
				],
				"body": {},
				"description": ""
			},
			"response": []
		},
		{
			"name": "Delete Current Logged In Users Info",
			"request": {
				"url": "http://localhost:3030/users/me",
				"method": "DELETE",
				"header": [
					{
						"key": "Authorization",
						"value": "Bearer eyJ0eXAiOiJKV1QiLCJhbGciOiJIUzI1NiJ9.eyJfaWQiOiI2MGJmMDViYmI5MTQ3ZTZjOTdjODIxYTUiLCJpYXQiOjE2MjMxMzIxMjF9.9UM8Tl0Waj6N9RVd-lfPmxlyFx1bNp4GbUZgejvUu4A",
						"description": ""
					}
				],
				"body": {},
				"description": ""
			},
			"response": []
		},
		{
			"name": "Delete User By Id",
			"request": {
				"url": "http://localhost:3030/users/60bf05bbb9147e6c97c821a5",
				"method": "DELETE",
				"header": [
					{
						"key": "Authorization",
						"value": "Bearer eyJ0eXAiOiJKV1QiLCJhbGciOiJIUzI1NiJ9.eyJfaWQiOiI2MGJmMDViYmI5MTQ3ZTZjOTdjODIxYTUiLCJpYXQiOjE2MjMxMzIxMjF9.9UM8Tl0Waj6N9RVd-lfPmxlyFx1bNp4GbUZgejvUu4A",
						"description": ""
					}
				],
				"body": {},
				"description": ""
			},
			"response": []
		},
		{
			"name": "Delete Task By Id",
			"request": {
				"url": "http://localhost:3030/tasks/60bf4b8551977942a5512749",
				"method": "DELETE",
				"header": [
					{
						"key": "Authorization",
						"value": "Bearer eyJ0eXAiOiJKV1QiLCJhbGciOiJIUzI1NiJ9.eyJfaWQiOiI2MGJmMDViYmI5MTQ3ZTZjOTdjODIxYTUiLCJpYXQiOjE2MjMxMzIxMjF9.9UM8Tl0Waj6N9RVd-lfPmxlyFx1bNp4GbUZgejvUu4A",
						"description": ""
					}
				],
				"body": {},
				"description": ""
			},
			"response": []
		},
		{
			"name": "Get User Info By Id",
			"request": {
				"url": "http://localhost:3030/users/60bf05bbb9147e6c97c821a5",
				"method": "GET",
				"header": [
					{
						"key": "Authorization",
						"value": "Bearer eyJ0eXAiOiJKV1QiLCJhbGciOiJIUzI1NiJ9.eyJfaWQiOiI2MGJmMDViYmI5MTQ3ZTZjOTdjODIxYTUiLCJpYXQiOjE2MjMxMzIxMjF9.9UM8Tl0Waj6N9RVd-lfPmxlyFx1bNp4GbUZgejvUu4A",
						"description": ""
					}
				],
				"body": {},
				"description": ""
			},
			"response": []
		},
		{
			"name": "Upload image for current loged in user",
			"request": {
				"url": "http://localhost:3030/users/me/avtar",
				"method": "POST",
				"header": [
					{
						"key": "Authorization",
						"value": "Bearer eyJ0eXAiOiJKV1QiLCJhbGciOiJIUzI1NiJ9.eyJfaWQiOiI2MGJmMDViYmI5MTQ3ZTZjOTdjODIxYTUiLCJpYXQiOjE2MjMxMzIxMjF9.9UM8Tl0Waj6N9RVd-lfPmxlyFx1bNp4GbUZgejvUu4A",
						"description": ""
					},
					{
						"key": "Content-Type",
						"value": "application/json",
						"description": "",
						"disabled": true
					}
				],
				"body": {
					"mode": "formdata",
					"formdata": [
						{
							"key": "user_avtar",
							"description": "",
							"type": "file",
							"src": "20bcc2d47ddb5ee8047d99f2167935f2.jpg"
						}
					]
				},
				"description": ""
			},
			"response": []
		},
		{
			"name": "Create Task",
			"request": {
				"url": "http://localhost:3030/tasks",
				"method": "POST",
				"header": [
					{
						"key": "Authorization",
						"value": "Bearer eyJ0eXAiOiJKV1QiLCJhbGciOiJIUzI1NiJ9.eyJfaWQiOiI2MGJmMDViYmI5MTQ3ZTZjOTdjODIxYTUiLCJpYXQiOjE2MjMxMzIxMjF9.9UM8Tl0Waj6N9RVd-lfPmxlyFx1bNp4GbUZgejvUu4A",
						"description": ""
					},
					{
						"key": "Content-Type",
						"value": "application/json",
						"description": ""
					}
				],
				"body": {
					"mode": "raw",
					"raw": "{\n\t\"description\":\"Task 2\",\n\t\"owner\":\"60bf05bbb9147e6c97c821a5\",\n\t\"completed\":true\n}\n"
				},
				"description": ""
			},
			"response": []
		},
		{
			"name": "Delete image for current loged in user",
			"request": {
				"url": "http://localhost:3030/users/me/avtar",
				"method": "DELETE",
				"header": [
					{
						"key": "Authorization",
						"value": "Bearer eyJ0eXAiOiJKV1QiLCJhbGciOiJIUzI1NiJ9.eyJfaWQiOiI2MGJmMDViYmI5MTQ3ZTZjOTdjODIxYTUiLCJpYXQiOjE2MjMxMzIxMjF9.9UM8Tl0Waj6N9RVd-lfPmxlyFx1bNp4GbUZgejvUu4A",
						"description": ""
					},
					{
						"key": "Content-Type",
						"value": "application/json",
						"description": "",
						"disabled": true
					}
				],
				"body": {},
				"description": ""
			},
			"response": []
		}
	]
}